Bug ID,Module,Title,Steps to Reproduce,Expected Result,Actual Result,Severity,Priority,Reporter,Status,Date Found,Video Evidence,Screenshot Evidence
BUG-001,Mata Pelajaran,Search by Instansi returns empty,"1. Login sebagai admin
2. Navigate ke Pengaturan → Akademik → Mata Pelajaran
3. Verify data Mapel ada di list (multiple instansi)
4. Klik field 'Cari'
5. Ketik nama instansi
6. Tunggu hasil search","List ter-filter, nampilin row Mapel yang punya Instansi terkait keyword",Empty state muncul: 'Data tidak ditemukan' — padahal data jelas ada,Medium,P5,Fajar Ardiansyah,Open,10 Juni 2026,,
BUG-002,Mata Pelajaran,Form state preserved after Batal,"1. Buka modal Tambah/Edit Mapel
2. Isi field (cth: Nama Mapel = 'Matematika')
3. Klik tombol 'Batal'
4. Modal close
5. Buka modal lagi (klik Tambah)",Modal terbuka dengan field kosong (state reset),Field masih ke-isi 'Matematika' — state dari interaksi sebelumnya persisted,Medium,P6,Fajar Ardiansyah,Open,10 Juni 2026,,
BUG-003,Tahun Ajaran,Frontend silent on API 400 error (overlap),"1. Buka modal Tambah Tahun Ajaran
2. Isi Tahun Awal & Tanggal Mulai yang OVERLAP dengan TA existing
   (cth: kalo TA 2025/2026 dah ada, isi 2025 lagi)
3. Klik Simpan
4. Backend balikin HTTP 400 dengan error message
5. Monitor UI","Toast error muncul OR inline error di field overlap, menjelaskan ke user kalo TA udah ada",UI SILENT — modal tetap terbuka tanpa indikasi error apapun. User gak tau kenapa Simpan-nya 'gak jalan',High,P2,Fajar Ardiansyah,Open,10 Juni 2026,,
BUG-004,Tahun Ajaran,Search by Semester returns empty,"1. Login sebagai admin
2. Navigate ke Pengaturan → Akademik → Tahun Ajaran
3. Verify data ada (multiple TA dengan kolom Semester GANJIL/GENAP)
4. Klik field 'Cari'
5. Ketik 'Ganjil' (atau 'GANJIL' / 'ganjil')
6. Tunggu hasil","List ter-filter, nampilin row dengan Semester = Ganjil (cth: 2 row dari 4 total)","List ke-clear total → empty state: 'Data Tahun Ajaran tidak ditemukan'.
Berlaku untuk semua case: GANJIL / ganjil / Ganjil = SEMUA empty",Medium,P4,Fajar Ardiansyah,Open,10 Juni 2026,,
BUG-005,Tahun Ajaran (Edit),Ubah field 'Tahun Awal' di modal Edit Tahun Ajaran merusak integritas data: semester pasangan jadi orphan & tanggal tidak ikut menyesuaikan,"1. Login sebagai admin
2. Buka menu Tahun Ajaran (Pengaturan → Akademik)
3. Klik Edit pada salah satu baris semester GENAP (contoh: 2003/2004 Genap)
4. Ubah field 'Tahun Awal' dari 2003 menjadi 1999 (field 'Tahun Akhir' otomatis berubah jadi 2000)
5. Klik Simpan
6. Amati list Data Tahun Ajaran","Salah satu dari:
(A) Field 'Tahun Awal' tidak dapat diubah (readonly) — TA yang salah cukup dihapus lalu dibuat ulang. [paling aman]
(B) Bila edit tahun memang disediakan sebagai fitur, maka mengubah tahun HARUS:
    1) memindahkan KEDUA semester (Ganjil & Genap) ke tahun baru sebagai satu kesatuan (tetap 1 TA = 2 baris),
    2) menghitung ulang Tanggal Mulai & Tanggal Akhir kedua semester agar sesuai tahun baru,
    3) menolak penyimpanan bila tahun tujuan sudah ada (cegah duplikat).","PROBLEM: Satu Tahun Ajaran direpresentasikan sebagai 2 baris (semester Ganjil + Genap) yang merupakan satu kesatuan. Saat user mengubah 'Tahun Awal' pada salah satu baris lalu menyimpan, sistem HANYA memperbarui baris yang sedang diedit. Akibatnya muncul 3 kerusakan:

1) SIBLING JADI ORPHAN — Baris pasangannya tidak ikut pindah. Contoh: edit 2003/2004 Genap → 1999/2000 menghasilkan baris '1999/2000 Genap' yang berdiri sendiri, sedangkan '2003/2004 Ganjil' tetap di tahun lama. Satu TA utuh PECAH menjadi dua TA cacat yang masing-masing hanya punya 1 semester.

2) TANGGAL TIDAK IKUT BERUBAH — Tanggal Mulai & Tanggal Akhir tetap memakai nilai tahun lama. Baris '1999/2000 Genap' tetap menampilkan 1 Desember 2003 – 31 Mei 2004. Label tahun (1999/2000) dan rentang tanggalnya (2003–2004) saling bertentangan.

3) TIDAK ADA VALIDASI COLLISION — Tidak ada pengecekan apakah tahun tujuan sudah ada, sehingga berpotensi membuat TA duplikat.",High,P1,Fajar Ardiansyah,Open,11 Juni 2026,,
BUG-006,Tahun Ajaran (Hapus),Frontend silent saat hapus TA berstatus Aktif — pesan error dari API tidak ditampilkan,"1. Login sebagai admin
2. Buka menu Tahun Ajaran (Pengaturan → Akademik)
3. Klik icon hapus (trash) pada baris semester berstatus AKTIF
4. Konfirmasi 'Hapus' di dialog
5. Monitor UI & response Network (XHR)","Muncul toast error berisi pesan dari API: 'Tidak dapat menghapus data karena data ini berstatus aktif', sehingga user paham kenapa data tidak terhapus.","API mengembalikan error dengan benar (HTTP response body: { status: false, message: 'Tidak dapat menghapus data karena data ini berstatus aktif', data: null }) dan data MEMANG tidak terhapus (proteksi backend bekerja). TAPI frontend SILENT — tidak ada toast/notifikasi apapun. User tidak tahu alasan kegagalan, mengira tombol Hapus tidak berfungsi. Akar masalah sama dengan BUG-003: frontend tidak menangkap & menampilkan message dari response error API.",Medium,P3,Fajar Ardiansyah,Open,11 Juni 2026,,
BUG-007,Tingkat (Tambah),Frontend silent saat tambah Tingkat duplikat — pesan error dari API tidak ditampilkan,"1. Login sebagai admin
2. Buka menu Tingkat (Pengaturan → Akademik → Tingkat)
3. Klik 'Tambah Tingkat', pilih Instansi lalu isi nama Tingkat yang SUDAH ADA di instansi yang sama
4. Klik Simpan
5. Monitor UI & response Network (XHR)","Muncul toast/inline error berisi pesan dari API: 'Jenjang sekolah dengan nama tersebut sudah ada', sehingga user paham kenapa data tidak tersimpan.","API mengembalikan error dengan benar (response body: { status: false, message: 'Jenjang sekolah dengan nama tersebut sudah ada', data: null }) dan data MEMANG tidak tersimpan (proteksi backend bekerja). TAPI frontend SILENT — tidak ada toast/notifikasi apapun, modal tetap terbuka tanpa indikasi. User mengira tombol Simpan tidak berfungsi. Akar masalah sama dengan BUG-003 & BUG-006: frontend tidak menangkap & menampilkan message dari response error API.",Medium,P7,Fajar Ardiansyah,Open,12 Juni 2026,,
BUG-008,Kelas (Tambah),Frontend silent saat tambah Kelas duplikat — pesan error dari API tidak ditampilkan,"1. Login sebagai admin
2. Buka menu Kelas (Pengaturan → Akademik → Kelas)
3. Klik 'Tambah Kelas', pilih Instansi lalu isi nama Kelas yang SUDAH ADA di instansi yang sama
4. Klik Simpan
5. Monitor UI & response Network (XHR)","Muncul toast/inline error berisi pesan dari API: 'Kelas dengan nama tersebut sudah ada di instansi ini', sehingga user paham kenapa data tidak tersimpan.","API mengembalikan error dengan benar (response body: { status: false, message: 'Kelas dengan nama tersebut sudah ada di instansi ini', data: null }) dan data MEMANG tidak tersimpan (proteksi backend bekerja). TAPI frontend SILENT — tidak ada toast/notifikasi apapun, modal tetap terbuka tanpa indikasi. User mengira tombol Simpan tidak berfungsi. Akar masalah sama dengan BUG-003, BUG-006 & BUG-007: frontend tidak menangkap & menampilkan message dari response error API.",Medium,P8,Fajar Ardiansyah,Open,13 Juni 2026,,
BUG-009,Kelas (List / Filter),Filter kombinasi Instansi + Status mengembalikan 0 hasil padahal data ada,"1. Login sebagai admin
2. Buka menu Kelas (Pengaturan → Akademik → Kelas)
3. Pastikan ada kelas di Instansi SDIT berstatus Aktif
4. Set filter Instansi = SDIT (data muncul normal)
5. Tambahkan filter Status = Aktif
6. Amati list & Network (XHR)",List menampilkan kelas yang cocok dengan KEDUA filter (Instansi SDIT & Status Aktif).,"List KOSONG — 'Data Kelas tidak ditemukan' (1-0 Dari 0). Padahal: URL sudah benar mengirim kedua parameter (?office=68ad284c0a04f100196aa4c3&status=ACTIVE), kedua chip filter aktif (Instansi: SDIT + Status: Aktif), dan request list 'school-classes?page=1&limit...' balik HTTP 200. Filter TUNGGAL bekerja normal (Instansi saja ATAU Status saja menampilkan data); hanya KOMBINASI keduanya yang balik kosong. Indikasi query kombinasi office+status di endpoint list tidak mengembalikan data yang seharusnya cocok (kemungkinan bug query/filter BE). Ditemukan via Cypress TC-LST-012 dan dikonfirmasi manual.",Medium,P9,Fajar Ardiansyah,Open,13 Juni 2026,,
BUG-010,Kelas (Edit),Frontend silent saat edit nama Kelas jadi duplikat — pesan error dari API tidak ditampilkan,"1. Login sebagai admin
2. Buka menu Kelas (Pengaturan → Akademik → Kelas)
3. Pada salah satu kelas, klik Aksi > Edit
4. Ubah nama Kelas menjadi nama yang SUDAH ADA di instansi yang sama
5. Klik Simpan
6. Monitor UI & response Network (XHR)","Muncul toast/inline error berisi pesan dari API: 'Kelas dengan nama tersebut sudah ada di instansi ini', sehingga user paham kenapa perubahan tidak tersimpan.","API mengembalikan error dengan benar (response body: { status: false, message: 'Kelas dengan nama tersebut sudah ada di instansi ini', data: null }) dan perubahan MEMANG tidak tersimpan (proteksi backend bekerja). TAPI frontend SILENT — tidak ada toast/notifikasi apapun, modal tetap terbuka tanpa indikasi. Akar masalah sama dengan BUG-003, BUG-006, BUG-007 & BUG-008: frontend tidak menangkap & menampilkan message dari response error API. Ini kemunculan pola yang sama pada modul Edit Kelas.",Medium,P10,Fajar Ardiansyah,Open,13 Juni 2026,,
BUG-011,Kelas (Tambah/Edit & List),Nama Kelas tanpa batas panjang (no maxlength) + sel tabel tidak truncate → layout list jebol (overflow horizontal),"1. Login sebagai admin
2. Buka menu Kelas (Pengaturan → Akademik → Kelas)
3. Klik Tambah/Edit Kelas, isi nama sangat panjang (cth: 250+ karakter ""AAAA..."")
4. Klik Simpan (tersimpan)
5. Amati tampilan list","(A) Field Kelas punya batas maxlength yang wajar (cth ≤ 50–100 karakter) & menolak input berlebih.
(B) Pada list, sel kolom Kelas nge-truncate (ellipsis) atau wrap, sehingga layout tabel tetap rapi dan tombol aksi tetap terjangkau.","Input MENERIMA nama 250 karakter tanpa batas/penolakan (data tersimpan). Di list, teks panjang OVERFLOW horizontal — menembus kolom ""Dibuat Pada"", menutupi tombol Edit & Hapus, dan melebarkan baris keluar dari area tabel. Layout tabel jebol. Tidak ada maxlength di input maupun truncation/ellipsis di sel tabel.",Low,P11,Fajar Ardiansyah,Open,14 Juni 2026,,
BUG-012,Jurusan (Tambah),Duplikat Jurusan (nama + instansi sama) BERHASIL tersimpan — tidak ada uniqueness constraint di backend & frontend silent (melanggar PRD),"1. Login sebagai admin
2. Buka menu Jurusan (Pengaturan → Akademik → Jurusan)
3. Klik 'Tambah Jurusan', pilih Instansi, isi nama Jurusan (cth: 'RPL') → Simpan (sukses, 1 row)
4. Klik 'Tambah Jurusan' lagi, pilih Instansi yang SAMA, isi nama yang PERSIS SAMA ('RPL')
5. Klik Simpan
6. Monitor UI, list, & response Network (XHR)","Sesuai PRD ('Ketika terdapat nama jurusan dengan instansi yang sama, sistem menampilkan pesan error'): muncul toast/inline error & data TIDAK dobel (tetap 1 row).","Data duplikat BERHASIL tersimpan → muncul 2 baris identik (nama + instansi sama). Tidak ada uniqueness constraint di backend dan frontend tidak menampilkan error apapun; modal menutup seolah sukses. BERBEDA dari BUG-007/008 (Tingkat/Kelas) yang backend-nya masih memproteksi (data tidak tersimpan) — di Jurusan proteksi backend TIDAK ADA sehingga data benar-benar dobel. Berisiko ambiguitas data untuk fitur downstream (jadwal, tugas, presensi, grup rapor, status PPDB, data diri siswa). Ditemukan via Cypress TC-JRS-ADD-010.",High,P12,Fajar Ardiansyah,Open,14 Juni 2026,,
BUG-013,Jurusan (Tambah),Nama Jurusan tanpa maxlength/validasi panjang — input >255 char ditolak backend via RAW SQL error & frontend silent (no feedback + info leak),"1. Login sebagai admin
2. Buka menu Jurusan (Pengaturan → Akademik → Jurusan)
3. Klik 'Tambah Jurusan', pilih Instansi
4. Isi nama Jurusan >255 karakter (cth: ~300 char)
5. Klik Simpan
6. Monitor UI & response Network (XHR)","FE membatasi/validasi maksimal 255 karakter (maxlength atau validasi inline) & menampilkan pesan ramah (cth: 'Jurusan maksimal 255 karakter'). Backend mengembalikan pesan validasi yang aman, bukan raw SQL error.","Tidak ada maxlength di field → input >255 char diteruskan ke backend. Backend menolak (data tidak tersimpan) TAPI mengembalikan RAW Postgres error: { status: false, message: 'ERROR: value too long for type character varying(255) (SQLSTATE 22001)', data: null }. Frontend SILENT — tidak ada toast/error apapun, user tidak dapat feedback. Selain UX buruk (pola sama BUG-003/006/007/008/010), raw SQL error membocorkan tipe & batas kolom DB + SQLSTATE ke client (info leak). Data tidak corrupt (tidak tersimpan). Ditemukan via Cypress TC-JRS-ADD-013.",Medium,P13,Fajar Ardiansyah,Open,14 Juni 2026,,
BUG-014,Jurusan (List),Filter kombinasi Instansi + Status mengembalikan 0 data padahal data ada (BUG-009 ter-reproduce di Jurusan),"1. Login sebagai admin
2. Buka menu Jurusan
3. Filter Instansi = SDIT
4. Filter Status = Aktif
5. Amati list",Tampil jurusan yang ber-Instansi SDIT DAN status Aktif (datanya ADA).,List kosong / empty state padahal ada jurusan SDIT berstatus Aktif. Filter TUNGGAL (Instansi saja / Status saja) bekerja normal; hanya KOMBINASI keduanya yang balik 0. Pola sama persis BUG-009 (Kelas).,High,P14,Fajar Ardiansyah,Open,15 Juni 2026,,
BUG-015,Kamar (Tambah),Nama Kamar tanpa maxlength/validasi panjang — input >255 char ditolak backend via RAW SQL error & frontend silent (no feedback + info leak),"1. Login sebagai admin
2. Buka menu Kamar (Pengaturan → Akademik → Kamar) di /setting/academic/room
3. Klik 'Tambah Kamar', pilih Instansi
4. Isi nama Kamar >255 karakter (cth: ~300 char)
5. Klik Simpan
6. Monitor UI & response Network (XHR)","FE membatasi/validasi maksimal 255 karakter (maxlength atau validasi inline) & menampilkan pesan ramah (cth: 'Kamar maksimal 255 karakter'). Backend mengembalikan pesan validasi yang aman, bukan raw SQL error.","Tidak ada maxlength di field → input >255 char diteruskan ke backend. Backend menolak (data tidak tersimpan) TAPI mengembalikan RAW Postgres error: { status: false, message: 'ERROR: value too long for type character varying(255) (SQLSTATE 22001)', data: null }. Frontend SILENT — tidak ada toast sukses MAUPUN error, user tidak dapat feedback apapun, modal tetap terbuka. Selain UX buruk (pola sama BUG-003/006/007/008/010/013), raw SQL error membocorkan tipe & batas kolom DB + SQLSTATE ke client (info leak). Data tidak corrupt (tidak tersimpan). Ditemukan via Cypress TC-KMR-ADD-016.",Medium,P15,Fajar Ardiansyah,Open,18 Juni 2026,,
BUG-016,Kamar (List / Filter),"Filter Status (Aktif/Tidak Aktif), tunggal maupun kombinasi dengan Instansi, menampilkan empty state padahal data ada","1. Login sebagai admin
2. Buka menu Kamar (Pengaturan -> Akademik -> Kamar) di /setting/academic/room
3. Pastikan ada kamar (mis. instansi SDIT berstatus Aktif) tampil normal tanpa filter
4. Set filter Status = Aktif -> amati list
5. Set filter Status = Tidak Aktif -> amati list
6. Set filter Instansi = SDIT lalu tambah Status = Aktif (kombinasi) -> amati list
7. Reset filter ke Semua -> amati list
8. Monitor Network (XHR): parameter request & response body","List menampilkan kamar sesuai filter Status yang dipilih (Aktif menampilkan kamar Aktif, Tidak Aktif menampilkan kamar Tidak Aktif), termasuk saat dikombinasikan dengan filter Instansi.","Begitu filter Status diaktifkan, list langsung menampilkan empty state 'Data Kamar tidak ditemukan' padahal data jelas ada. Terjadi pada Status=Aktif, Status=Tidak Aktif, MAUPUN kombinasi Instansi+Status (URL mengirim parameter spt ?status=ACTIVE / ?status=INACTIVE dan ?office=...&status=ACTIVE). Data tidak hilang (muncul kembali begitu filter di-reset ke Semua), jadi ini bug query/handling filter status, bukan data corrupt. Pola sama BUG-009 (Kelas) & BUG-014 (Jurusan), NAMUN di Kamar lebih luas: filter Status TUNGGAL pun balik kosong, bukan hanya kombinasi. Ditemukan via Cypress TC-KMR-LST-006 (Aktif), TC-KMR-LST-008 (Tidak Aktif) & TC-KMR-LST-009 (kombinasi) + dikonfirmasi manual.",Medium,P16,Fajar Ardiansyah,Open,18 Juni 2026,,
BUG-017,Kamar (List / Search),Search/cari by PIC mengembalikan empty state padahal kamar dengan PIC tersebut ada,"1. Login sebagai admin
2. Buka menu Kamar (Pengaturan -> Akademik -> Kamar) di /setting/academic/room
3. Pastikan ada kamar yang sudah punya PIC (kolom PIC terisi nama guru/staff)
4. Klik field 'Cari'
5. Ketik nama PIC yang persis tampil di kolom PIC
6. Tunggu hasil search & monitor Network (XHR): parameter request & response body",Sesuai PRD (search by Instansi/Nama Kamar/PIC): list ter-filter menampilkan kamar yang PIC-nya cocok dengan keyword.,"Begitu keyword PIC diketik, list langsung menampilkan empty state 'Data Kamar tidak ditemukan' padahal kamar dengan PIC tersebut jelas ada (muncul normal saat search di-clear). Search by Nama Kamar bekerja normal; hanya pencarian by PIC yang balik kosong. Indikasi kolom PIC tidak ikut diikutkan dalam query pencarian di endpoint list. Pola sama BUG-001 (Mapel: search by Instansi balik empty). Dikonfirmasi manual + ditemukan via Cypress TC-KMR-LST-012.",Medium,P17,Fajar Ardiansyah,Open,18 Juni 2026,,
BUG-018,Kamar (List / Search),Search/cari by Instansi mengembalikan empty state padahal kamar instansi tersebut ada,"1. Login sebagai admin
2. Buka menu Kamar (Pengaturan -> Akademik -> Kamar) di /setting/academic/room
3. Pastikan ada kamar di sebuah instansi (mis. SDIT) tampil normal tanpa search
4. Klik field 'Cari'
5. Ketik nama instansi (mis. 'SDIT')
6. Tunggu hasil search & monitor Network (XHR): parameter request & response body",Sesuai PRD (search by Instansi/Nama Kamar/PIC): list ter-filter menampilkan kamar yang Instansi-nya cocok dengan keyword.,"Begitu keyword Instansi diketik, list langsung menampilkan empty state 'Data Kamar tidak ditemukan' padahal kamar instansi tersebut jelas ada (muncul normal saat search di-clear). Search by Nama Kamar bekerja normal; hanya pencarian by Instansi yang balik kosong. Pola sama persis BUG-001 (Mapel: search by Instansi balik empty) dan sejalan dengan BUG-017 (Kamar: search by PIC juga kosong) -> indikasi kolom Instansi & PIC tidak diikutkan dalam query pencarian endpoint list, hanya kolom Nama. Dikonfirmasi manual + ditemukan via Cypress TC-KMR-LST-011.",Medium,P18,Fajar Ardiansyah,Open,18 Juni 2026,,
BUG-019,Kamar (Edit),"Edit nama kamar jadi duplikat (instansi sama) — FE silent, backend error tidak ditampilkan","1. Login sebagai admin
2. Buka menu Kamar di /setting/academic/room
3. Pastikan ada 2 kamar di instansi yang sama (mis. SDIT), sebut Kamar A dan Kamar B
4. Klik Edit pada Kamar B
5. Ubah nama Kamar B menjadi nama yang sama dengan Kamar A
6. Klik Simpan
7. Monitor UI & response Network (XHR)","Muncul toast/inline error berisi pesan dari API: 'Nama kamar sudah ada di instansi ini', sehingga user paham kenapa perubahan tidak tersimpan.","API mengembalikan error dengan benar (response body: {""status"": false, ""message"": ""Nama kamar sudah ada di instansi ini"", ""data"": null}) dan perubahan MEMANG tidak tersimpan (proteksi backend bekerja). TAPI frontend SILENT — tidak ada toast/notifikasi apapun, modal tetap terbuka tanpa indikasi. User mengira tombol Simpan tidak berfungsi. Akar masalah sama dengan BUG-008 (Kelas Tambah) & BUG-010 (Kelas Edit): frontend tidak menangkap & menampilkan message dari response error API. Ditemukan via Cypress TC-KMR-EDT-014 + dikonfirmasi manual (element analysis).",Medium,P19,Fajar Ardiansyah,Open,19 Juni 2026,,
BUG-020,Tag (Tambah),"Tambah Tag dengan kode duplikat (instansi sama) — FE silent, backend error tidak ditampilkan","1. Login sebagai admin
2. Buka menu Tag (Pengaturan -> Akademik -> Tag) di /setting/academic/tag
3. Klik 'Tambah Tag', pilih Instansi, isi Nama Tag, isi Kode Tag yang SUDAH ADA di instansi yang sama, pilih Tipe Anggota
4. Klik Simpan
5. Monitor UI & response Network (XHR)","Muncul toast/inline error berisi pesan dari API: 'Kode tag sudah digunakan di instansi ini', sehingga user paham kenapa data tidak tersimpan.","API mengembalikan error dengan benar (response body: {""status"": false, ""message"": ""Kode tag sudah digunakan di instansi ini"", ""data"": null}) dan data MEMANG tidak tersimpan (proteksi backend bekerja). TAPI frontend SILENT — tidak ada toast/notifikasi apapun, modal tetap terbuka tanpa indikasi. User mengira tombol Simpan tidak berfungsi. Akar masalah sama dengan BUG-003, BUG-006, BUG-007, BUG-008, BUG-010 & BUG-019: frontend tidak menangkap & menampilkan message dari response error API. Ini kemunculan pola yang sama pada modul Tambah Tag (proteksi BE berjalan, FE diam).",Medium,P20,Fajar Ardiansyah,Open,20 Juni 2026,,
BUG-021,Tag (Tambah/Edit/Hapus),"Toast sukses Tag (Tambah, Edit, & Hapus) menampilkan description salah modul: 'Silahkan lanjutkan dengan menambahkan data Kelas pada menu' (harusnya Tag/data terkait Tag, bukan Kelas)","1. Login sebagai admin
2. Buka menu Tag (Pengaturan -> Akademik -> Tag) di /setting/academic/tag
3. Skenario A (Tambah): klik 'Tambah Tag', isi seluruh field valid, klik Simpan
4. Skenario B (Edit): klik ikon Edit pada baris tag, ubah salah satu field, klik Simpan
5. Skenario C (Hapus): klik ikon Hapus pada baris tag, klik 'Hapus' di popup
6. Pada ketiga skenario, amati toast sukses yang muncul di pojok kanan bawah (Sonner)","Toast description nyebut konteks Tag (cth: 'Silahkan lanjutkan menggunakan tag pada data siswa/presensi/tagihan'), bukan modul lain.","Toast description berbunyi 'Silahkan lanjutkan dengan menambahkan data Kelas pada menu' — menyebut modul Kelas, padahal user baru menambah/mengedit/menghapus Tag. Title-nya benar ('Tag berhasil ditambahkan' / 'Tag berhasil diperbarui' / 'Tag berhasil dihapus'), hanya description-nya yang salah copy/template (kemungkinan hasil copy-paste dari modul Kelas tanpa di-update; description shared template di seluruh action Tag). UX membingungkan & terkesan tidak rapi. Pola serupa (typo/copy salah pada description toast modul lain) sebaiknya audit menyeluruh. Reproduce di Tambah Tag (TC-TAG-ADD-*), Edit Tag (TC-TAG-EDT-*), & Hapus Tag (TC-TAG-HPS-*).",Low,P21,Fajar Ardiansyah,Open,20 Juni 2026,,
BUG-022,Tag (Tambah/Edit),Nama Tag & Kode Tag tanpa maxlength/validasi panjang — input >255 char ditolak backend via RAW SQL error & frontend silent (no feedback + info leak),"1. Login sebagai admin
2. Buka menu Tag (Pengaturan -> Akademik -> Tag) di /setting/academic/tag
3. Skenario A (Tambah): klik 'Tambah Tag', pilih Instansi & Tipe Anggota
4. Skenario B (Edit): klik ikon Edit pada baris tag yang ada
5. Pada kedua skenario, isi Nama Tag ATAU Kode Tag >255 karakter (cth: ~300 char)
6. Klik Simpan
7. Monitor UI & response Network (XHR)","FE membatasi/validasi maksimal 255 karakter (maxlength atau validasi inline) pada Nama Tag & Kode Tag, & menampilkan pesan ramah (cth: 'Nama Tag maksimal 255 karakter'). Backend mengembalikan pesan validasi yang aman, bukan raw SQL error.","Tidak ada maxlength di field Nama Tag maupun Kode Tag (Tambah & Edit, kemungkinan form component shared) -> input >255 char diteruskan ke backend. Backend menolak (data tidak tersimpan) TAPI mengembalikan RAW Postgres error: { status: false, message: 'ERROR: value too long for type character varying(255) (SQLSTATE 22001)', data: null }. Frontend SILENT — tidak ada toast sukses MAUPUN error, user tidak dapat feedback apapun, modal tetap terbuka. Selain UX buruk (pola sama BUG-003/006/007/008/010/013/015/019/020), raw SQL error membocorkan tipe & batas kolom DB + SQLSTATE ke client (info leak). Data tidak corrupt (tidak tersimpan). Pola identik BUG-013 (Jurusan) & BUG-015 (Kamar). Ditemukan via Cypress TC-TAG-ADD-019/020 (Nama/Kode di Tambah) & TC-TAG-EDT-018/019 (Nama/Kode di Edit).",Medium,P22,Fajar Ardiansyah,Open,20 Juni 2026,,
BUG-023,Tag (List / Filter),Filter Status dikombinasi dgn filter lain (Instansi/Tipe Member) mengembalikan 0 hasil padahal data ada (pola BUG-009/014 ter-reproduce di Tag),"1. Login sebagai admin
2. Buka menu Tag (Pengaturan -> Akademik -> Tag) di /setting/academic/tag
3. Pastikan ada tag di Instansi SDIT berstatus Aktif (default Tambah = Aktif)
4. Set filter Instansi = SDIT -> list menampilkan data normal
5. Tambah filter Status = Aktif (kombinasi)
6. Amati list & Network (XHR): parameter request & response body
7. Ulangi dgn kombinasi 3: Instansi + Status + Tipe Member","List menampilkan tag yang cocok kombinasi filter (mis. SDIT + Aktif), termasuk pada kombinasi 3 (Instansi + Status + Tipe Member).","List balik kosong 'Data Tag tidak ditemukan' begitu Status digabung dengan filter lain (Instansi atau Tipe Member). Filter TUNGGAL bekerja normal: Status=Aktif sendirian menampilkan data, Instansi sendirian menampilkan data, Tipe sendirian menampilkan data, Instansi+Tipe (tanpa Status) juga normal -- hanya KOMBINASI Status + filter lain yang balik 0. Pola sama persis BUG-009 (Kelas) & BUG-014 (Jurusan) -- kemungkinan bug query kombinasi office+status (atau status+type) di endpoint list. BERBEDA dari BUG-016 (Kamar) yang Status TUNGGAL pun balik kosong; di Tag, Status tunggal masih jalan. Ditemukan via Cypress TC-TAG-LST-013 (Instansi+Status) & TC-TAG-LST-015 (Instansi+Status+Tipe) + dikonfirmasi manual.",Medium,P23,Fajar Ardiansyah,Open,21 Juni 2026,,
BUG-024,Tag (Edit),"Edit Kode Tag jadi duplikat (instansi sama) — FE silent, backend error tidak ditampilkan","1. Login sebagai admin
2. Buka menu Tag (Pengaturan -> Akademik -> Tag) di /setting/academic/tag
3. Pastikan ada 2 tag di instansi yang sama (mis. SDIT): Tag A & Tag B
4. Klik ikon Edit pada Tag B
5. Ubah Kode Tag B menjadi kode yang persis sama dengan Tag A
6. Klik Simpan
7. Monitor UI & response Network (XHR)","Muncul toast/inline error berisi pesan dari API: 'Kode tag sudah digunakan di instansi ini', sehingga user paham kenapa perubahan tidak tersimpan.","API mengembalikan error dengan benar (response body: {""status"": false, ""message"": ""Kode tag sudah digunakan di instansi ini"", ""data"": null}) dan perubahan MEMANG tidak tersimpan (proteksi backend bekerja). TAPI frontend SILENT — tidak ada toast/notifikasi apapun, modal tetap terbuka tanpa indikasi. User mengira tombol Simpan tidak berfungsi. Akar masalah sama dengan BUG-019 (Kamar Edit) & BUG-020 (Tag Tambah): frontend tidak menangkap & menampilkan message dari response error API. Ini kemunculan pola yang sama pada modul Edit Tag (proteksi BE berjalan, FE diam). Discovered via element analysis Edit Tag (response body dikonfirmasi user); akan di-cover via Cypress TC-TAG-EDT-017.",Medium,P24,Fajar Ardiansyah,Open,21 Juni 2026,,
BUG-025,Onboarding Registrasi,Field Nomor HP menerima input non-numeric (huruf & simbol),"1. Buka https://staging.cards.co.id/daftar-akun
2. Klik field 'Nomor HP'
3. Ketik string mix: ""081abc-2345!@""
4. Inspect value field via DevTools atau perhatikan tampilan input
5. Cek Network (XHR) saat submit — payload phoneNumber bisa terkirim non-numeric",Field Nomor HP hanya menerima karakter angka 0-9. Karakter huruf dan simbol otomatis di-filter / tidak bisa diketik. (Per PRD: 'Hanya menerima input angka (Numerik 0-9). Karakter huruf atau simbol otomatis ditolak/tidak bisa diketik'),"Field menerima semua karakter apa adanya — huruf, simbol, dan angka semua masuk ke value. Value field setelah ketik = ""081abc-2345!@"" (tidak ter-filter). Validasi format baru muncul sebagai pesan error 'Nomor HP tidak valid (10–13 digit angka)' setelah blur, tapi input itself tidak di-restrict.",Medium,Medium,Fajar Ardiansyah,Open,22 Juni 2026,,
BUG-026,Kalender Akademik (Tambah),"Upload header (foto <2MB) sukses simpan (toast & API success) tapi tidak ter-persist — di list kolom Header kosong (text ""-"")","1. Login sebagai admin
2. Navigate ke Pengaturan -> Akademik -> Kalender Akademik
3. Klik tombol 'Tambah Kalender Akademik'
4. Pilih Instansi (mis. SD Digital Indonesia)
5. Pilih Awal pekan = Senin, Nama Pekan = Minggu
6. Klik 'Pilih File', upload header-valid.png (PNG, <2MB)
7. Pastikan preview card muncul dengan nama file & icon trash
8. Klik 'Simpan'
9. Tunggu toast sukses 'Kalender Akademik berhasil ditambahkan'
10. Cari row instansi tsb di list, inspect kolom Header (col-4)",Kolom Header pada row menampilkan tag img alt=header dengan thumbnail foto yang baru di-upload (per PRD: Foto header kalender pendidikan opsional max 2MB — file harus ter-attach ke kalender per-instansi).,"Kolom Header pada row menampilkan teks ""-"" (placeholder kosong) — seakan tidak ada file ter-upload. Padahal toast sukses muncul & modal close normal. HTML actual: td berisi text ""-"" tanpa img. Regresi: sebelumnya fitur ini berfungsi.",High,High,Fajar Ardiansyah,Open,24 Juni 2026,cypress/videos/stagingv3/Pengaturan/Pengaturan Akademik/pengaturan kalender/tambahkalender.cy.js.mp4,cypress/screenshots/stagingv3/Pengaturan/Pengaturan Akademik/pengaturan kalender/tambahkalender.cy.js/
BUG-027,Kalender Akademik (List / Filter),"Dropdown filter Instansi menampilkan opsi ""Semua"" dua kali dengan behavior berbeda yang membingungkan","1. Login sebagai admin
2. Buka menu Pengaturan -> Akademik -> Kalender Akademik
3. Klik header kolom 'Instansi' / button filter Instansi (dropdown muncul)
4. Amati daftar opsi dari atas ke bawah","Hanya ada satu opsi 'Semua' / 'Semua Instansi' untuk menampilkan seluruh data (reset filter), bukan dua opsi yang behavior-nya berbeda.","Muncul DUA opsi 'Semua' berurutan di top dropdown:
- Opsi #1: pilih ini -> tetap di mode filter, label trigger tetap tertulis 'Semua' (mode filter masih dianggap aktif walaupun semua instansi ditampilkan).
- Opsi #2: pilih ini (opsi system reset) -> data ditampilkan semua TAPI label trigger berubah kembali jadi 'Instansi' (mode filter benar-benar di-reset).
Akibat: user tidak tahu opsi mana yang harus dipilih untuk 'reset filter'; behavior keduanya kelihatan sama secara visual tapi state filter di FE berbeda. Confusing UX & berpotensi salah interpretasi state filter aktif.",Medium,Medium,Fajar Ardiansyah,Open,25 Juni 2026,,
BUG-028,Kalender Akademik,Inkonsistensi naming modul: tombol pakai 'Kalender Akademik' tapi empty state pakai 'Kalender Pendidikan',"1. Login sebagai admin
2. Buka menu Pengaturan -> Akademik -> Kalender Akademik
3. Amati tombol 'Tambah Kalender Akademik' di pojok kanan atas
4. Trigger empty state (mis. filter Instansi ke instansi yang belum punya kalender)
5. Amati title & inline button di empty state","Naming konsisten di seluruh modul. Pilih salah satu: 'Kalender Akademik' (sesuai breadcrumb & PRD modul) atau 'Kalender Pendidikan', dan dipakai di semua tempat.","Naming tercampur:
- Tombol primary: 'Tambah Kalender Akademik'
- Empty state title (H3): 'Data Kalender Pendidikan tidak ditemukan'
- Empty state inline button: 'Tambah Kalender Pendidikan'
Inkonsistensi copywriting bikin user ragu apakah 'Akademik' & 'Pendidikan' adalah modul yang sama atau dua modul berbeda. Tidak mengganggu fungsi, tapi merusak kesan rapi UX.",Low,Low,Fajar Ardiansyah,Open,25 Juni 2026,,
BUG-029,Cross-Module (Tabel List),"Dropdown menu sort/pin per kolom tabel pakai bahasa Inggris (Asc/Desc/Pin to left/right, Move to Left/Right) — tidak konsisten dgn UI Bahasa Indonesia, ter-reproduce di hampir semua modul tabel","1. Login sebagai admin
2. Buka modul Pengaturan -> Akademik yang punya tabel list (Mapel/Jurusan/Tingkat/Kelas/Kamar/Tag/Kalender)
3. Klik salah satu header kolom (button[data-slot=dropdown-menu-trigger] + svg.lucide-chevrons-up-down)
4. Dropdown menu muncul - amati teks tiap menu item","Semua menu item ditulis dalam Bahasa Indonesia sesuai konvensi UI app: 'Naik' (Asc), 'Turun' (Desc), 'Pin ke kiri', 'Pin ke kanan', 'Pindah ke Kiri', 'Pindah ke Kanan'.","Menu item dropdown sort/pin di header kolom semua berbahasa Inggris:
- 'Asc' (harusnya 'Naik' / 'Urut Naik')
- 'Desc' (harusnya 'Turun' / 'Urut Turun')
- 'Pin to left' / 'Pin to right'
- 'Move to Left' / 'Move to Right' (disabled state)
Reproduce di lintas modul: Mapel, Jurusan, Tingkat, Kelas, Kamar, Tag, Kalender Akademik. KECUALI Tahun Ajaran (tabel-nya tidak punya dropdown sort/pin per kolom). Indikasi pakai komponen tabel shared (kemungkinan TanStack Table / library) dengan default English labels yg belum di-i18n ke Bahasa Indonesia. UX inkonsisten dgn sisa app yg full Bahasa Indonesia.",Low,Low,Fajar Ardiansyah,Open,25 Juni 2026,,
BUG-030,Pengaturan Akademik - Kalender Akademik (Edit),Form Edit Kalender persist draft value setelah Batal + reopen (tidak reset ke server value),"1. Login sebagai admin
2. Buka Pengaturan -> Akademik -> Kalender Akademik
3. Klik icon Edit di salah satu row (mis. SMP Digital Indonesia+)
4. Catat value field Awal Pekan sekarang (mis. Senin)
5. Klik dropdown Awal Pekan -> ubah ke value opposite (Minggu)
6. Klik tombol Batal (bukan Simpan)
7. Modal close - konfirmasi tidak ada toast success (memang tidak Simpan)
8. Klik icon Edit di row yg SAMA sekali lagi
9. Amati value field Awal Pekan di modal Edit","Form Edit reset ke value terkini dari server saat modal dibuka ulang. Value Awal Pekan harus balik ke Senin (nilai step 4), bukan Minggu (draft uncommitted step 5). Rationale: draft tidak di-Simpan (dibatalkan), jadi state UI tidak boleh persist di sesi berikutnya - user bisa keliru anggap value draft sudah tersimpan padahal belum, atau langsung Simpan ulang tanpa cek dan commit unintended change.","Modal Edit menampilkan value Awal Pekan = Minggu (draft dari sesi sebelumnya yg sudah dibatalkan). Value NOT reset ke server value (Senin). Same behavior reproduce untuk field Nama Pekan & Instansi & Header (draft state semua persist). Impact: potensi commit unintended change kalau user klik Simpan tanpa aware bahwa form belum reset. Kemungkinan root cause: React state form (react-hook-form defaultValues?) tidak di-reset saat modal unmount, sehingga saat mount lagi state lama masih ada.",Medium,Medium,Fajar Ardiansyah,Open,27 Juni 2026,,
BUG-031,Kalender Akademik (Edit),Remove header via trash preview di modal Edit tidak me-remove gambar di list — toast sukses muncul tapi kolom Header row tetap menampilkan gambar lama,"1. Login sebagai admin
2. Buka Pengaturan -> Akademik -> Kalender Akademik
3. Cari row yang punya header image di kolom Header (mis. SMA Digital Indonesia)
4. Klik ikon Edit (pensil) pada row
5. Di modal Edit, klik ikon trash merah pada preview card header -> preview card hilang di modal
6. Klik Simpan
7. Amati toast sukses & kolom Header row","Toast sukses muncul, kolom Header row berubah jadi placeholder ""-"" (tidak ada gambar). Header ter-remove baik di FE list maupun BE.","Toast sukses ""Kalender Akademik berhasil diperbarui"" muncul, tapi kolom Header row TETAP menampilkan gambar lama. Data integritas FE list <-> state BE tidak sinkron. User mengira header masih tersimpan padahal action remove sudah dieksekusi. Kemungkinan root cause: FE tidak refetch list setelah edit sukses ATAU BE tidak persist perubahan remove. Ditemukan via Cypress TC-KLD-EDT-006 + dikonfirmasi manual (user report: ""masih nampilin gambarnya, padahal udah dihapus datanya"").",Medium,Medium,Fajar Ardiansyah,Open,02 Juli 2026,,
BUG-032,Jadwal Pelajaran,Layout Tag picker overlap: baris chip nabrak baris checkbox pertama & tombol +,"1. Login sebagai admin
2. Buka Pengaturan Akademik > Jadwal Pelajaran
3. Klik ""Tambah Jadwal Pelajaran""
4. Pilih Instansi + Tingkat + Kelas valid
5. Klik picker ""Pilih Tag"" -> dropdown checkbox terbuka
6. Pilih beberapa tag sampai chip terpilih membentuk beberapa baris di area chip
7. Amati posisi baris chip vs baris checkbox pertama + tombol ""+""",Chip terpilih & baris checkbox tidak overlap; layout tetap rapi,"Baris chip nabrak/menutupi baris checkbox pertama & tombol ""+"" tambah tag; user susah klik checkbox baris pertama saat sudah pilih banyak tag",Medium,Medium,Fajar Ardiansyah,Open,04 Juli 2026,,
BUG-033,Jadwal Pelajaran,Toast penolakan duplikasi jadwal pakai style warning bukan destructive,"1. Login sebagai admin
2. Pastikan sudah ada entry jadwal untuk Instansi=X, Tingkat=Y, Kelas=Z pada Tahun Ajaran + Semester aktif
3. Buka Pengaturan Akademik > Jadwal Pelajaran > ""Tambah""
4. Isi Instansi=X, Tingkat=Y, Kelas=Z (kombinasi identik dgn entry existing)
5. Klik tombol utama modal (Simpan)
6. Buka DevTools > Elements -> inspect toast Sonner di bottom-right
7. Amati atribut data-type & warna toast","Toast style destructive/error ([data-sonner-toast][data-type=""error""], warna merah) - konsisten dgn pola penolakan aksi (blocker) di modul lain","Toast style warning/amber ([data-sonner-toast][data-type=""warning""]), teks ""Jadwal pelajaran sudah terdaftar!"". Menurunkan urgensi visual (user bisa kira ini soft-warning padahal aksi ditolak sepenuhnya).",Low,Low,Fajar Ardiansyah,Open,04 Juli 2026,,
BUG-034,Jadwal Pelajaran,Tag tidak ikut reset saat ganti Instansi (inkonsisten dgn Tingkat/Kelas/Jurusan),"1. Login sebagai admin
2. Buka Pengaturan Akademik > Jadwal Pelajaran > ""Tambah""
3. Pilih Instansi = X
4. (Opsional) Pilih Tingkat & Kelas
5. Klik picker ""Pilih Tag""; pilih 1 tag (mis. ""mobil"") -> chip muncul di button Tag
6. Ubah Instansi ke Y (nilai berbeda)
7. Amati Tingkat/Kelas/Jurusan -> reset ke placeholder (perilaku benar)
8. Amati Tag -> catat state chip","Konsisten dgn child lain - Tag ikut reset ke placeholder saat parent (Instansi) berubah, karena tag di-scope per Instansi","Tingkat/Kelas/Jurusan reset, TAPI Tag TIDAK reset - chip yg dipilih dari Instansi X tetap ter-select saat Instansi diganti ke Y. Efek samping: user bisa nge-tag entry dgn tag milik Instansi lain (data integrity issue).",Medium,Medium,Fajar Ardiansyah,Open,04 Juli 2026,,
BUG-035,Jadwal Pelajaran,"Opsi Tag tidak di-scope per Instansi + picker aktif prematur (data bloat, akar flakiness)","1. Login sebagai admin
2. Buka Pengaturan Akademik > Jadwal Pelajaran > ""Tambah""
3. TANPA memilih Instansi dulu, klik picker ""Pilih Tag"" -> amati state picker & daftar tag
4. Pilih Instansi = X (misal ""SMA Digital Indonesia"")
5. Buka picker Tag lagi
6. Buka DevTools > Network (XHR); scroll list tag; cek response API list tag
7. Amati apakah query tag include filter instansi_id","(a) Picker Tag DISABLED sampai Instansi dipilih (konsisten dgn dependency chain Tingkat/Kelas/Jurusan); (b) Setelah Instansi dipilih, daftar tag hanya tag milik Instansi tersebut (query API di-scope instansi_id)","(a) Picker Tag aktif meski Instansi belum dipilih; (b) Daftar tag load SEMUA tag lintas-instansi (termasuk ratusan ""QA..."" dari test data) - API tag tidak di-scope per Instansi. Konsekuensi: data bloat + sumber flakiness automation (kasus mirip SDIT sebelumnya).",Medium,Medium,Fajar Ardiansyah,Open,04 Juli 2026,,
BUG-036,Jadwal Pelajaran,"Klik Simpan modal langsung commit record ke DB (risiko ghost record: header ada, jadwal kosong)","1. Login sebagai admin
2. Buka Pengaturan Akademik > Jadwal Pelajaran (List) - catat jumlah row baseline
3. Klik ""Tambah Jadwal Pelajaran""
4. Isi Instansi + Tingkat + Kelas valid (non-duplikat)
5. Klik ""Simpan"" di modal
6. Modal tertutup, redirect ke /setting/academic/course-schedule/{id} (halaman edit)
7. TANPA mengisi jadwal per hari & TANPA klik Simpan di halaman edit -> kembali ke List (back / navigasi menu lain)
8. Reload halaman List; cek jumlah row & cari kombinasi input tadi","List = baseline (BELUM nambah entry). Modal Simpan seharusnya HANYA navigasi + bawa data ke halaman edit, TIDAK commit ke DB. Record baru masuk hanya kalau user berhasil Simpan di halaman edit. (Mencegah ghost record: header tercatat tapi jadwal per hari kosong - refactor spec dari PO.)","List sudah nambah 1 entry saat klik Simpan modal (langsung commit ke DB). Kalau user cabut sebelum Simpan halaman edit -> tetap ada record hantu di list (header ada, jadwal per hari kosong). Ditemukan lewat konfirmasi manual QA + refactor spec dari PO.",Medium,Medium,Fajar Ardiansyah,Open,04 Juli 2026,,
BUG-037,Master Data (Validasi Duplikat - Cross-Module),"Validasi duplikat nama TIDAK KONSISTEN antar modul master-data: sebagian menolak (409/400), sebagian mengizinkan data dobel; tidak ada standar uniqueness","1. Login sebagai admin
2. Uji modul-modul master-data satu per satu: Tambah sebuah nama, lalu Tambah lagi nama yang PERSIS SAMA pada scope yang sama (instansi sama, atau global). Monitor Network (XHR) tiap Simpan kedua.
3. Jenis Tagihan (/proxy-banking/bill-types): Tambah nama duplikat -> BE MENOLAK, HTTP 409.
4. Tipe Pelanggaran (/proxy/violation-types): Tambah nama duplikat -> BE MENOLAK, HTTP 400.
5. Kategori Pengumuman (/proxy/announcement-categories, GLOBAL): Tambah nama duplikat -> BE MENOLAK, HTTP 400, pesan 'Nama kategori sudah digunakan.'.
6. Jenis Guru (/proxy/setting/staffing/teacher_type): Tambah nama duplikat -> BE MENGIZINKAN, data dobel tersimpan (POST 200).
7. Jenis Staff (/proxy/setting/staffing/staff_type): Tambah nama duplikat -> BE MENGIZINKAN, data dobel (POST 200).
8. Kategori Inventaris (/proxy/inventory-categories): Tambah nama duplikat -> BE MENGIZINKAN, data dobel (POST 200).
9. Bandingkan perilaku antar modul.","Ada standar konsisten untuk validasi duplikat di SELURUH modul master-data (ditetapkan PRD). Idealnya setiap master-data menolak nama duplikat dalam scope yang sama (per-instansi atau global) dengan pesan error yang jelas, sehingga tidak muncul data ambigu di seluruh sistem. Minimal, keputusan izinkan/tolak duplikat harus disengaja & seragam untuk modul-modul sejenis.","Perilaku validasi duplikat BERBEDA-BEDA antar modul tanpa pola yang konsisten. MENOLAK duplikat: Jenis Tagihan (HTTP 409, /invoice), Tipe Pelanggaran (HTTP 400, /student-affairs), Kategori Pengumuman (HTTP 400, /administration, global). MENGIZINKAN data dobel: Jenis Guru & Jenis Staff (/staffing), Kategori Inventaris (/inventory) -- POST balik 200 dan baris duplikat benar-benar tersimpan. Tidak ada korelasi dengan bentuk data: Kategori Inventaris & Kategori Pengumuman sama-sama list-nama simpel (1 field Nama) namun Inventaris MENGIZINKAN sedangkan Pengumuman MENOLAK -- jadi teori 'list-nama simpel = boleh dobel' patah. Modul yang mengizinkan duplikat berisiko data ambigu untuk fitur downstream (mirip BUG-012 Jurusan yang di-log High karena tidak ada uniqueness constraint). Indikasi: tidak ada standar/keputusan produk soal uniqueness master-data; kemungkinan kelalaian implementasi per-modul (bukan by-design). Rekomendasi: PRD menetapkan standar uniqueness master-data, lalu selaraskan semua modul (dan tampilkan pesan yang seragam). Ditemukan lewat automation per-modul (spec S-06 tiap modul) + konfirmasi Network manual.",Medium,Medium,Fajar Ardiansyah,Open,19 Agustus 2026,,
